{
  "welcomeFile": "/index.html",
  "authenticationMethod": "route",
  "logout": {
    "logoutEndpoint": "/logout",
    "logoutPage": "/logout-page.html"
  },
  "routes": [
    {
      "source": "^/northwind/(.*)$",
      "target": "/$1",
      "authenticationType": "none",
      "destination": "northwind"
    },
    {
        "source": "^/index.html",
        "service": "html5-apps-repo-rt",
        "cacheControl": "no-cache, no-store, must-revalidate"
    },  
    {
        "source": "^/logout-page.html$",
        "service": "html5-apps-repo-rt",
        "authenticationType": "none"
    },  
    {
      "source": "^(.*)$",
      "target": "$1",
      "service": "html5-apps-repo-rt",
      "authenticationType": "xsuaa"
    }
  ]
}
